-1.000000000000000000e+00,1.870742233477190944e-02,7.270944814345819615e-03,3.352123910020802892e-03,5.275787259220301138e-03,1.641191456006270682e-03,6.403838130997079742e-03
-1.000000000000000000e+00,5.171737347077077183e-03,8.578080960745066916e-03,2.385289457516410680e-02,7.297350601538360980e-03,2.329512051734273712e-02,3.128911138923655194e-04
-1.000000000000000000e+00,5.007311766594143565e-01,6.808000762496085184e-03,9.689901591989394034e-03,1.639767273683518378e-01,5.119537526944934261e-03,6.076345431789737656e-02
-1.000000000000000000e+00,3.097692335128579902e-02,1.142382527946843133e-02,5.723401274022657352e-03,2.353559923739399415e-02,6.099353321575543170e-03,7.071339173967459632e-03
-1.000000000000000000e+00,1.854692014124192934e-02,6.742643955176122472e-02,1.681451221746769337e-02,1.799684438892906746e-02,3.527336860670194241e-03,3.226950354609929572e-02
-1.000000000000000000e+00,1.245407853907336687e-01,1.982489822038859678e-02,1.430311391832027323e-02,1.027217145486818660e-02,3.502841465804428910e-03,1.616604088443888282e-02
-1.000000000000000000e+00,3.932303741484467416e-03,1.121958525659354916e-02,2.217144335341733608e-02,3.928078364341595734e-03,7.030178326474622284e-03,5.340008343763037388e-03
1.000000000000000000e+00,1.090969076577379820e-01,9.603365875576977406e-02,6.717182060208888583e-02,1.755308658207875919e-02,5.695179306290417548e-02,4.330413016270338172e-02
-1.000000000000000000e+00,2.812355102186396560e-02,6.580613537028716375e-02,2.691399808142104499e-02,7.317073170731708265e-02,6.613756613756613389e-03,4.509803921568628082e-02
-1.000000000000000000e+00,1.678496272782394605e-01,4.931715752352164306e-02,2.139538894338036470e-02,1.528499112484386175e-03,1.256613756613756717e-02,4.130162703379223511e-03
1.000000000000000000e+00,2.086528515889717050e-02,1.060686518796890021e-01,1.279519708548454981e-01,4.437578068503057250e-04,1.027091906721536441e-01,3.533583646224447428e-02
-1.000000000000000000e+00,5.535542319078360501e-02,3.839712430047791981e-03,7.329402761460276396e-03,1.748734468476760562e-02,9.308250048990790058e-04,6.111806424697538431e-03
1.000000000000000000e+00,1.783357705888646968e-04,3.487057990550494757e-02,8.746779913125020400e-02,1.972256919334692063e-03,9.482167352537723692e-02,4.463913224864413457e-03
-1.000000000000000000e+00,5.614901736990405429e-02,1.680214588184033783e-02,2.789484462743999429e-02,1.881861810531852003e-02,4.801097393689985823e-03,6.737588652482269687e-03
-1.000000000000000000e+00,1.888575810536077468e-02,2.105033835763789329e-02,2.640740700820246728e-02,8.792978765367168853e-03,4.311189496374680935e-03,1.478931998331247354e-02
-1.000000000000000000e+00,1.698024039661875373e-01,3.696744414035374460e-02,2.657986354376623908e-02,1.450923673657221746e-01,1.175778953556731385e-02,5.642469753858991161e-02
1.000000000000000000e+00,7.300174769055177426e-02,8.561741758915077105e-02,1.055326212315552403e-01,2.070869765301426926e-02,4.649225945522242331e-02,3.706716729244889652e-02
-1.000000000000000000e+00,1.051913542818418562e-01,3.619133205342919130e-02,3.831768649557541068e-02,3.444875419104595493e-02,1.722026259063295928e-02,1.001251564455569402e-03
1.000000000000000000e+00,2.485108963155829853e-02,3.365875576978064748e-02,5.671664313353524944e-02,9.182499506935770661e-02,1.922888496962570776e-02,2.830621610346266415e-02
1.000000000000000000e+00,1.770874201947426549e-02,1.448061762182917267e-01,2.097179257790185158e-01,3.418578660180132591e-03,2.835097001763668412e-01,4.484772632457238728e-02
1.000000000000000000e+00,2.263080928772693082e-02,6.375011914001334212e-02,6.559815471506946771e-02,4.800802051147196048e-02,1.301440329218107039e-01,2.440550688360450769e-03
-1.000000000000000000e+00,4.824874273281734571e-02,9.013793009544817172e-03,2.319540403332722919e-02,3.901781605417132398e-02,1.616696061140505567e-03,1.558197747183980020e-02
1.000000000000000000e+00,5.352748154224774152e-02,1.502934248328635647e-01,2.034771548983045353e-01,1.863782788771283991e-02,1.818048206937095956e-01,4.370045890696704766e-02
-1.000000000000000000e+00,2.986232478510539648e-02,1.533161771714118375e-02,1.428155685137480133e-02,9.001709289330091235e-02,7.544581618655692504e-03,2.079682937004589255e-02
-1.000000000000000000e+00,2.499375824802939003e-02,1.458273763326661254e-01,1.674445174989490914e-01,2.217145486818749775e-02,1.426856750930824980e-01,4.974968710888611617e-02
-1.000000000000000000e+00,6.498555480258230710e-02,1.303051345941750629e-02,2.219300042036280798e-02,2.080731049898100135e-02,5.805408583186360931e-03,3.696287025448477537e-02
1.000000000000000000e+00,5.662160716196454335e-02,1.191808613482564644e-01,8.278991560408291428e-02,3.911642890013805607e-02,8.605232216343328133e-02,1.635586149353358554e-01
-1.000000000000000000e+00,7.696971858615400675e-02,1.041624116661900995e-02,3.280985589100746808e-02,3.758792978765367054e-02,1.009210268469527827e-02,4.630788485607008863e-03
1.000000000000000000e+00,9.068373934443769990e-03,1.192897893604564080e-01,1.306142686226112182e-01,1.791466701729011943e-03,1.103517538702723927e-01,2.246558197747184141e-02
1.000000000000000000e+00,9.957377750829260465e-02,1.458818403387661111e-01,9.496965842827424786e-02,3.564854381697455527e-02,4.832941407015481361e-02,2.920317062995411370e-03
-1.000000000000000000e+00,6.230160145521988768e-02,5.208120583309504975e-02,5.795617448289985818e-02,2.665833935967392224e-02,7.740544777581814286e-03,2.413433458489779027e-02
-1.000000000000000000e+00,6.135642187109890261e-02,1.349345751126724072e-02,1.254621296226435430e-02,3.359410952600092037e-02,1.445228297080148987e-02,7.822277847309136792e-03
-1.000000000000000000e+00,3.772604058922138237e-01,1.185953732826817986e-02,1.624324994341269993e-02,2.782525803694694752e-02,9.969625710366452481e-03,3.788068418856904707e-02
-1.000000000000000000e+00,2.087420194742661481e-02,1.446427841999917974e-01,4.122789053321405245e-02,2.323976069949378748e-02,3.828630217519106427e-02,1.015853149770546554e-02
-1.000000000000000000e+00,2.247030709419694985e-03,7.765205669703034719e-02,6.380891815859533744e-02,5.325093682203668917e-03,1.124828532235939704e-01,2.763871506049228252e-02
1.000000000000000000e+00,5.330456182901166517e-02,1.986029982435357777e-01,2.211539497935910981e-01,3.254223916902241470e-02,2.992112482853223621e-01,9.219858156028368223e-03
-1.000000000000000000e+00,0.000000000000000000e+00,3.785248423947823633e-03,7.564374791165914824e-02,2.559989481296430225e-01,2.939447383891828354e-04,1.141009595327492805e-02
-1.000000000000000000e+00,4.069354781182009106e-01,9.399125852702094885e-02,7.041615917738232311e-02,1.206856879889553619e-01,3.745345874975505168e-02,4.735085523571130883e-03
-1.000000000000000000e+00,4.556478938545494017e-03,1.125771006086352666e-01,7.400541082380331093e-02,8.283479061205705277e-03,2.204585537918871564e-03,2.163120567375886524e-02
1.000000000000000000e+00,7.841423832792381032e-02,1.442070721511920506e-01,1.604169136747254365e-01,4.020117020577213679e-02,2.196257103664511212e-01,2.993324989570296177e-02
1.000000000000000000e+00,1.080982273424403450e-01,4.280870879457538553e-02,7.514793537191330475e-02,7.478140819144041100e-03,7.684205369390555151e-02,1.130579891531080516e-02
1.000000000000000000e+00,1.295431037557513154e-01,2.101357515352041405e-01,3.259428522155276009e-01,6.771415423049109879e-03,3.634626690182246045e-01,3.888193575302462124e-02
-1.000000000000000000e+00,2.998715982451760284e-02,3.851966831420285120e-02,2.617027927180227975e-02,1.564657156005522590e-02,4.017244757985498696e-03,2.296620775969962502e-02
-1.000000000000000000e+00,1.991297214395263415e-01,1.553585774001606766e-02,2.590081593498388957e-02,3.321609361646177261e-02,2.400548696844993345e-03,1.157697121401752259e-02
-1.000000000000000000e+00,1.509879801690623136e-01,8.435112944732649221e-02,2.131993920907121476e-02,1.200940109131549555e-01,2.816970409563002240e-03,1.272423863162286178e-03
-1.000000000000000000e+00,5.394657060313157865e-03,1.431041760276677115e-02,1.649115621328562167e-02,1.323055683387022556e-02,2.131099353321575570e-03,4.005006257822277607e-03
-1.000000000000000000e+00,3.497610300674108830e-01,1.873561809838922287e-02,8.202463972751867019e-03,7.371310236013411954e-02,2.204585537918871564e-03,4.887359198998748877e-02
-1.000000000000000000e+00,2.523451153832435411e-03,1.569924975831597097e-02,5.645795833018959348e-02,4.092433107619485727e-02,3.674309229864785795e-03,3.001668752607426077e-02
-1.000000000000000000e+00,1.741448799800263819e-02,1.138297727489345421e-02,5.629628032809855936e-02,2.231937413713759935e-02,4.899078973153045901e-05,2.763871506049228252e-02
1.000000000000000000e+00,1.121375325462781319e-01,1.505793608648884063e-01,1.893357189820752962e-01,1.281966997567549754e-02,1.580932784636488453e-01,3.162286191072174318e-02
-1.000000000000000000e+00,8.381781217676641726e-04,4.833680541372220585e-02,1.336214794615044610e-01,1.199789625928604237e-03,7.267783656672545389e-02,1.230705047976637543e-03
-1.000000000000000000e+00,2.022595142133609136e-01,1.075664120474381386e-03,2.317384696638175555e-03,5.147590559463546128e-02,1.469723691945913906e-04,1.136837713808927855e-02
-1.000000000000000000e+00,1.328601490887042214e-01,2.691883501490952013e-02,2.668764887849359516e-02,9.055946354611793536e-03,2.331961591220850505e-02,6.779307467667918322e-03
-1.000000000000000000e+00,1.209651531904269300e-01,3.962256443772721633e-03,5.238367267749550679e-03,3.372559332062323445e-02,1.004311189496374674e-03,1.368377138089278341e-02
-1.000000000000000000e+00,1.019991439883011775e-01,1.330283348991734976e-02,6.240770880713970153e-03,8.817631976858852916e-02,1.739173035469331790e-03,5.089695452649144712e-03
1.000000000000000000e+00,4.023254984484787855e-02,1.625205942023065231e-01,1.006930597022969165e-01,4.304450726447964920e-02,8.267195767195767431e-02,4.609929078014184806e-02
1.000000000000000000e+00,2.016264222277704410e-01,7.291368816633307659e-02,7.755154833633336187e-02,6.393399513509960552e-02,4.345483049186753266e-02,1.080934501460158598e-01
-1.000000000000000000e+00,1.579163248564396937e-02,4.957586155249649185e-02,2.454272071741919053e-02,8.036946946288869853e-03,6.662747403488144052e-03,1.733416770963704806e-02
1.000000000000000000e+00,3.370546064129542694e-03,5.405552605421892060e-02,1.041960830809360167e-01,5.966077180987443968e-03,1.780325298843817294e-01,2.853566958698373207e-02
-1.000000000000000000e+00,1.969986089809893925e-01,4.792832536797243803e-02,7.585931858111386039e-02,1.873151009138123713e-01,8.328434254360181366e-03,5.342094284522320297e-02
1.000000000000000000e+00,1.902842672183186618e-02,5.013411761502117175e-02,2.066137081388706442e-01,2.052790743540858914e-02,4.192876739173035383e-01,2.899457655402587052e-03
-1.000000000000000000e+00,8.409423262117915465e-02,1.343899350516727237e-02,1.327915323841038185e-02,6.754979948721320619e-03,6.197334901038604495e-03,8.197747183979975372e-03
1.000000000000000000e+00,5.073652673253201129e-03,1.321841428046239830e-01,2.390570938918051003e-01,3.609230162382486007e-02,1.195130315500685936e-01,5.340008343763037735e-02
-1.000000000000000000e+00,2.872989264186610534e-02,4.410222893944964334e-02,2.046843506472509691e-02,4.223916902241798936e-03,1.592200666274740236e-03,2.317480183562786733e-02
-1.000000000000000000e+00,2.765006955095052898e-01,2.264613373636697735e-01,5.848432262306390433e-02,2.474689369535204853e-01,1.067999216147364275e-02,2.419691280767626365e-02
-1.000000000000000000e+00,1.990048864001141282e-01,4.304018082050024840e-02,1.556420233463035041e-02,3.587864045756360143e-02,4.286694101508916471e-03,5.421360033375052789e-02
-1.000000000000000000e+00,1.016692228127117764e-01,7.366256825020765092e-03,1.762290222792287087e-02,5.459864571691538937e-02,1.616696061140505567e-03,7.446808510638298212e-03
-1.000000000000000000e+00,8.335413917323536426e-02,1.759187397028988062e-02,2.811041529689470644e-02,1.338669383998422058e-01,1.075347834607093961e-02,1.804338756779307398e-02
-1.000000000000000000e+00,4.492278061133501976e-02,1.443296161649170080e-02,3.075115599771495456e-02,1.227894287029123732e-01,6.197334901038604495e-03,7.759699624530663406e-03
-1.000000000000000000e+00,3.085208831187359613e-02,1.251991340223029825e-01,2.549123166301993371e-02,1.239234764315298026e-02,7.324123064863805391e-03,3.387567793074677119e-02
-1.000000000000000000e+00,1.051289367621357530e-02,4.129733262530125432e-02,6.586761805188785790e-02,1.566300703438301342e-02,2.003723300019596282e-02,3.408427200667501350e-02
1.000000000000000000e+00,4.827549309840567515e-02,1.344988630638726534e-01,1.130021449281610746e-01,2.136611662612582598e-04,1.854056437389770828e-01,2.667918231122236306e-02
-1.000000000000000000e+00,2.788547276812782805e-01,2.535299483953542057e-02,4.813693048923763790e-02,1.542140556176451183e-01,5.825004899078973369e-02,9.034209428452233404e-02
1.000000000000000000e+00,9.672040517887077471e-02,1.021200114374412743e-01,1.612253036851805932e-01,2.678982315429623284e-03,1.689202429943170713e-01,8.969545264914477066e-04
-1.000000000000000000e+00,6.934586439348004727e-02,3.322304372098089376e-02,1.019757051855524621e-01,1.058444546709618080e-02,6.160591808739956932e-02,1.038798498122653347e-02
-1.000000000000000000e+00,5.236829903342012094e-02,8.308484130550222724e-02,3.158110307511560050e-02,1.337847610282032716e-02,8.989809915735842705e-03,9.334584897788902880e-02
1.000000000000000000e+00,8.619859471412776031e-02,9.493076263224541067e-02,1.128296883925973132e-01,8.480704753139174656e-03,1.130462473055065670e-01,1.293283270755110495e-03
-1.000000000000000000e+00,0.000000000000000000e+00,3.900984436910256981e-02,6.735505567112538838e-02,6.820721846032476790e-03,5.388986870468352036e-03,1.472674176053400188e-02
1.000000000000000000e+00,6.763384099582693543e-02,2.508067480903557536e-02,5.638250859588044700e-02,6.442705936493327290e-03,5.401234567901234962e-02,5.235711305798915367e-03
1.000000000000000000e+00,1.057887791133145516e-01,4.455155698977437961e-02,5.185552453733145023e-02,1.895010189994083410e-02,9.391534391534392401e-02,2.440550688360450769e-03
-1.000000000000000000e+00,5.279630488283339890e-02,7.202864806720858312e-03,5.809629541804542385e-03,6.618565511800671153e-02,6.858710562414265834e-03,8.990404672507300299e-03
-1.000000000000000000e+00,8.569033776794949750e-03,6.711327151668640412e-02,3.570928139517337563e-02,1.498915258694365898e-02,9.945130315500686283e-03,8.343763037129745918e-05
1.000000000000000000e+00,1.891607518636088114e-01,8.377925738327682281e-02,1.614516528881080604e-01,5.045690618631253760e-02,1.642171271800901555e-01,1.249478514810179429e-02
-1.000000000000000000e+00,1.182544494774761951e-01,1.553585774001606766e-02,4.546385418799918365e-02,1.048418907369666753e-01,1.234567901234568006e-02,3.723404255319149453e-02
1.000000000000000000e+00,4.297000392338694991e-02,9.076426616559780947e-02,9.880681634456815743e-02,1.590953914929985058e-02,1.217421124828532292e-01,7.580308719232374537e-02
-1.000000000000000000e+00,2.981774084245817844e-02,5.440954209386871659e-02,7.537428457484074418e-02,3.517191506146867281e-03,3.760043111894963846e-02,6.216103462661660452e-03
-1.000000000000000000e+00,5.469558083960480988e-02,7.223288809008346356e-02,8.662707352037682385e-02,1.709289330090066512e-03,7.547031158142269991e-02,3.337505214851898411e-02
-1.000000000000000000e+00,2.758854371009736989e-02,5.684680636684231320e-02,1.776302316306843376e-01,9.039510880284004277e-03,5.829903978052126262e-03,4.332498957029620734e-02
1.000000000000000000e+00,5.590826407960909107e-03,1.503206568359135575e-01,2.586309106782931355e-01,1.252383143777529434e-02,2.333431314912796373e-01,1.439299123904881151e-03
1.000000000000000000e+00,2.764204444127402877e-02,1.908146453712402657e-01,2.366103667934940924e-01,2.700348432055749148e-02,1.662992357436801905e-01,3.022528160200250308e-02
-1.000000000000000000e+00,2.487605663944073842e-01,5.029750963332108027e-02,7.502937150371320751e-02,7.320360265597265770e-02,1.469723691945914318e-02,5.214851898206091657e-02
-1.000000000000000000e+00,1.928612191033277357e-01,1.719700992606510923e-02,3.107451200189702625e-02,3.960949312997173385e-03,2.241328630217518866e-02,8.385481852315393794e-03
-1.000000000000000000e+00,1.214555765595463077e-01,3.267840365998120854e-03,1.485281912542979477e-02,1.421668529353757073e-02,9.798157946306093428e-04,1.689612015018773393e-03
1.000000000000000000e+00,1.080358098227342384e-01,3.849379791130536077e-01,4.278107720663526514e-01,7.742751955821446097e-02,4.753821281599059367e-01,5.980392156862745362e-02
-1.000000000000000000e+00,7.009487462995327156e-02,6.630992742671187185e-03,4.353449669637948771e-02,1.595884557228321454e-01,3.968253968253968034e-03,8.969545264914477066e-04
-1.000000000000000000e+00,1.002247030709419728e-01,3.203845158830657958e-02,2.791640169438546620e-02,2.518407731247123693e-01,2.572016460905349796e-03,3.927826449728828023e-02
1.000000000000000000e+00,8.375539465706030584e-02,1.572103536075595831e-01,1.699990299319874554e-01,4.718624679508250791e-02,1.879776601998824348e-01,2.695035460992907875e-02
-1.000000000000000000e+00,7.004137389877661268e-02,1.436488160886673950e-02,1.175938001875464871e-02,1.116461771086713628e-01,1.126788163825200896e-03,5.924071756362119141e-03
1.000000000000000000e+00,7.359917252202446969e-02,5.208120583309504975e-02,6.902572835939942142e-02,2.664190388534613124e-02,6.679894179894180217e-02,7.113057989153108267e-03
-1.000000000000000000e+00,1.065556229268466680e-02,3.467995588415506009e-02,8.980674089483385580e-02,6.196173821576490999e-03,9.406231628453851079e-02,6.257822277847309086e-03
-1.000000000000000000e+00,9.597139494239755042e-02,1.524992170799122949e-02,2.224689308772648602e-02,3.403786733285122518e-02,7.299627669998040060e-03,3.420942845223195854e-03
-1.000000000000000000e+00,4.241716303456147252e-02,1.595795378729082323e-02,3.499789818597281305e-02,6.079481953849188297e-02,3.047227121301195399e-02,2.382144347100542334e-02
1.000000000000000000e+00,1.578271569711452724e-03,4.670288523072314846e-02,2.186856656283346079e-01,1.535073302215501749e-02,1.375416421712717940e-01,1.382978723404255407e-02
1.000000000000000000e+00,2.314798302243464140e-02,4.946693354029655515e-02,1.490240037940437912e-01,7.675366511077510480e-03,2.465706447187928640e-01,1.168126825198164374e-03
-1.000000000000000000e+00,4.743909833434389878e-01,6.677287147856160454e-02,7.903898595557089235e-02,4.909276181710604120e-02,2.361356065059768555e-02,1.700041718815185551e-02
-1.000000000000000000e+00,1.206798159574847540e-01,5.721443840801709868e-02,5.422680190133330469e-02,2.136611662612582924e-03,6.025867136978248044e-03,6.816854401335002700e-02
-1.000000000000000000e+00,9.925277312123265139e-02,1.004860912544422100e-02,3.217392241611606585e-02,4.421142594175267448e-02,6.687242798353909383e-03,1.266166040884438883e-02
1.000000000000000000e+00,8.699218889324820958e-02,3.406178941492041257e-01,1.901548875260032356e-01,1.812832818355137807e-02,3.038653733098177767e-01,3.383395911556111996e-02
-1.000000000000000000e+00,2.073510004636729964e-01,1.793227400841468713e-02,1.804326503335956441e-02,1.572874893169417046e-02,1.043503821281599117e-02,1.360033375052148615e-02
-1.000000000000000000e+00,1.137425544815779122e-01,9.905641109431803648e-02,4.882675663149271816e-02,2.838406416409177888e-02,4.164217127180089490e-04,5.481852315394243613e-02
-1.000000000000000000e+00,5.205621143488960850e-02,1.899432212736407513e-02,1.249232029490067626e-02,9.401091315495364517e-03,1.158632177150695740e-02,1.397580308719232299e-03
1.000000000000000000e+00,2.727645611156685745e-02,8.304399330092725184e-02,1.499617362061717862e-01,3.369272237196765680e-03,2.187438761512835728e-01,5.801001251564456146e-02
-1.000000000000000000e+00,8.203445447087776010e-02,4.517789305992402082e-02,2.914515451027733378e-02,2.072513312734205679e-02,2.643053106016068909e-02,1.090947017104714270e-02
1.000000000000000000e+00,1.521204123123016116e-01,6.524787930776247691e-02,9.754572792825808025e-02,1.653408717375583550e-02,8.357828728199098722e-02,3.715060492282019899e-02
1.000000000000000000e+00,4.351392802368299340e-03,1.418515038873684186e-01,1.242657124071698815e-01,1.181710604168036312e-02,1.373701744072114428e-01,4.609929078014184112e-03
-1.000000000000000000e+00,1.630702286264578971e-01,1.648897784676551723e-02,2.267695657328863967e-01,8.789691670501610654e-02,1.021457965902410336e-01,3.018147684605756997e-01
1.000000000000000000e+00,6.023290651638905924e-02,6.134008687008973143e-02,1.073757504553930486e-01,1.493984616396029121e-02,1.110866157162453544e-01,2.156862745098039186e-02
1.000000000000000000e+00,2.732104005421407550e-02,1.795269801070217552e-01,2.492428080235403187e-01,6.436131746762212280e-02,2.438761512835586898e-01,1.518564872757613773e-02
-1.000000000000000000e+00,7.606020615615080582e-02,7.422082431273231695e-02,5.558489711889800372e-02,2.212379199263690699e-01,3.365667254556143489e-02,3.118481435127242601e-02
-1.000000000000000000e+00,1.584245818026179531e-01,6.176218291736448873e-02,1.739655302499542103e-02,1.627440667937676555e-01,5.952380952380952051e-03,1.103462661660408947e-02
-1.000000000000000000e+00,2.357598887184791589e-02,3.684490012662881148e-02,2.489841232201946836e-02,1.449608835710998640e-02,2.253576327650401792e-03,3.804755944931164507e-02
1.000000000000000000e+00,2.043906266718978348e-01,9.999999999999998890e-01,3.461094883430160807e-01,1.581092630333311502e-02,4.915490887713109824e-01,1.877346683354192899e-02
-1.000000000000000000e+00,7.919891571851481182e-02,3.231077161880642479e-02,1.912111838063313210e-02,2.879495102228650516e-02,1.045953360768175563e-02,1.266166040884438883e-02
1.000000000000000000e+00,2.793629846274565606e-02,1.167572130768078642e-01,1.464048201601690080e-01,9.230162382486359340e-02,1.142220262590633029e-01,2.968293700458907169e-02
-1.000000000000000000e+00,6.036665834433070470e-03,2.117288237136282295e-02,2.371277364001854026e-03,1.375649201235947666e-02,2.278071722516167123e-03,7.843137254901960675e-03
1.000000000000000000e+00,1.775332596212148284e-01,9.128167422354750704e-02,1.450682820095497982e-01,2.023206889750838247e-02,1.258573388203017840e-01,1.733416770963704806e-02
-1.000000000000000000e+00,2.171238006919427865e-02,1.082063641191127745e-01,1.058020845683736305e-01,1.026231017027151443e-01,8.465608465608466526e-02,0.000000000000000000e+00
1.000000000000000000e+00,1.000463673003531007e-01,2.018708386095338925e-01,2.892527242743352378e-01,1.987048846229702223e-02,2.352292768959435565e-01,2.292448894451397726e-02
-1.000000000000000000e+00,1.709615864750151648e-01,4.098416459022643371e-02,6.416460976319561527e-02,3.300243245020051397e-02,6.300215559474818539e-02,5.838548185231540177e-02
-1.000000000000000000e+00,1.353033491457716619e-01,2.680990700270957997e-02,4.103387693070480874e-02,4.338965222536322192e-02,5.609445424260239149e-03,1.266166040884438883e-02
-1.000000000000000000e+00,1.584513321682062825e-01,1.785057799926473288e-02,2.663375621112991712e-02,5.510814542107685121e-02,1.979227905153831124e-02,8.656654151022111221e-03
-1.000000000000000000e+00,5.911830795020864976e-02,2.779025911250901718e-02,4.915011263567479333e-02,2.241798698310433491e-02,4.548794826572604560e-02,3.940342094284522700e-02
1.000000000000000000e+00,5.466883047401648044e-02,3.142300831937692718e-01,3.619754896148830170e-01,1.104628229570705500e-01,4.553938859494415237e-01,1.067584480600751035e-01
1.000000000000000000e+00,1.499803830652352288e-01,1.188676933131816403e-02,2.953318171529582120e-02,1.895667608967194773e-01,8.058984910836763590e-03,7.265331664580726434e-02
-1.000000000000000000e+00,1.787459428612190870e-01,2.499897879988562110e-02,2.542656046218351798e-02,8.740385247518243916e-02,9.994121105232216945e-03,1.939924906132665938e-02
-1.000000000000000000e+00,2.714270428362521026e-02,8.053864902032868700e-02,5.289026375071408104e-02,3.571428571428571230e-02,2.074759945130315308e-02,6.549853984146850397e-03
-1.000000000000000000e+00,2.889039483539608023e-03,1.175060931606824316e-02,5.073455705616693873e-02,8.053382420616659113e-04,8.107975700568294253e-03,1.668752607425949184e-04
1.000000000000000000e+00,3.664800085601169904e-02,2.781612951540650136e-01,2.797460577513823377e-01,1.862139241338505238e-02,2.106848912404467866e-01,1.085314977054651769e-01
-1.000000000000000000e+00,2.141990940542854160e-01,5.823563852239151128e-02,5.124114812938551644e-02,1.558904739990795985e-01,2.797374093670389888e-02,1.222569879015436012e-01
-1.000000000000000000e+00,6.371937083140136182e-02,2.984627534278283534e-02,1.335460297271953180e-02,2.619814607849582644e-02,2.995786792083088290e-02,2.607425949103045742e-03
-1.000000000000000000e+00,1.072689660092021255e-02,4.854104543659708976e-02,3.076193453118768878e-02,3.155611070935507301e-02,8.573388203017832943e-03,2.010846891948268877e-02
-1.000000000000000000e+00,1.861022933980097660e-01,2.053293029968819225e-02,1.918578958146954783e-02,3.771941358227598462e-02,1.339898099157358496e-02,1.604088443888193605e-02
-1.000000000000000000e+00,1.389592324428433889e-01,1.305774546246749220e-02,4.275844228634251981e-02,1.454539478009335245e-02,3.331373701744072460e-03,2.868168544013350099e-02
-1.000000000000000000e+00,1.666458608267646357e-01,5.150933376904538036e-02,6.359334748914063050e-03,7.575110117677996691e-02,6.123848716441310019e-04,2.528160200250312989e-02
-1.000000000000000000e+00,7.444626743232157784e-02,3.764824421660335069e-02,1.390430817982905333e-02,1.239234764315298026e-02,1.599549284734469792e-02,2.941176470588235687e-03
-1.000000000000000000e+00,1.136979705389307010e-01,3.685851612815380790e-02,2.723735408560311669e-02,1.424626914732759209e-01,1.528512639623750766e-02,2.323738005840634072e-02
-1.000000000000000000e+00,3.282626529229232260e-01,4.071184455972658850e-02,1.606001487437619391e-02,7.851226086384853475e-02,5.070546737213403599e-03,3.798498122653316822e-02
1.000000000000000000e+00,1.171933516424724514e-01,1.455550563021663045e-02,4.871897129676536209e-02,2.292748668726579675e-02,1.337448559670781877e-02,1.030454735085523620e-02
-1.000000000000000000e+00,2.326390127331740346e-02,5.833095053306645850e-02,3.373680976966274281e-02,3.390638353822891110e-02,2.001273760533019835e-02,2.048393825615352562e-02
-1.000000000000000000e+00,8.365730998323643586e-02,2.008360224936344904e-02,1.529473899781195849e-02,4.920781013740056081e-02,5.486968449931412493e-03,1.420525657071339265e-02
-1.000000000000000000e+00,4.458394264721617962e-03,7.761120869245537353e-04,8.353363441370166911e-03,1.429886266517651702e-02,1.298255927885557564e-03,2.690863579474343011e-03
1.000000000000000000e+00,9.844134536505332392e-03,1.587081137753087179e-01,2.542979402222533825e-01,1.528499112484386392e-02,2.268763472467176245e-01,1.474760116812682577e-02
1.000000000000000000e+00,1.026857367050682951e-01,8.301676129787725900e-02,1.171087661812733882e-01,9.187430149234105878e-03,1.253674309229864947e-01,3.072590738423029016e-02
-1.000000000000000000e+00,7.944858579733923148e-03,2.243917051318709485e-02,1.981094452288821930e-02,1.181710604168036312e-02,1.851851851851851749e-02,2.398831873174801788e-02
-1.000000000000000000e+00,3.814869636551699306e-01,3.145296352273191202e-03,5.044353665240307837e-03,2.240155150877654391e-02,7.103664511071918928e-04,3.963287442636628972e-04
-1.000000000000000000e+00,1.449602311231586727e-01,7.339024821970779183e-03,1.393664378024725946e-02,1.352639537177042876e-02,1.082696453066823473e-02,5.319148936170212637e-03
-1.000000000000000000e+00,3.970645932161073061e-02,7.095298394673420217e-02,1.425353266434568889e-01,0.000000000000000000e+00,1.669361160101900943e-01,2.899457655402586792e-02
-1.000000000000000000e+00,5.319756036665834048e-02,2.634696295085984727e-02,3.679791327591967753e-02,9.292617184931957486e-02,2.772878698804624731e-02,5.986649979140592527e-03
-1.000000000000000000e+00,1.896600920212576091e-01,2.666013098593466787e-02,7.056705864600062994e-02,1.452895930576556492e-02,1.979227905153831124e-02,3.861076345431790208e-02
-1.000000000000000000e+00,8.568142097942005320e-02,7.107552796045912835e-03,1.004559319658967186e-02,2.590230754059562324e-02,1.141485400744660095e-02,7.759699624530663406e-03
-1.000000000000000000e+00,2.422156436137960500e-01,3.738954018762850190e-02,2.290438362956336363e-02,2.169153901781605276e-01,2.180090143053106232e-03,3.961201501877346931e-02
-1.000000000000000000e+00,6.366587010022470641e-03,4.809171738627234655e-02,7.037304504349138623e-02,1.233482348300572046e-01,1.288457769939251561e-02,1.858573216520650884e-02
1.000000000000000000e+00,8.390698006206084858e-02,1.117056765110357591e-01,5.521842698082499168e-02,1.053513904411281302e-02,4.389574759945130689e-02,3.020442219440968093e-02
-1.000000000000000000e+00,8.823162249884081154e-02,1.233609738164290551e-02,3.080504866507863260e-02,5.137729274866872226e-02,5.854399372917891593e-03,1.731330830204422244e-02
1.000000000000000000e+00,2.468167064949887760e-02,9.373255449804610007e-02,1.674768530993673010e-01,4.384984550654131424e-02,1.615961199294532746e-01,2.319566124322069295e-02
1.000000000000000000e+00,1.408852587652031354e-03,1.008264912925670165e-01,2.669842741196633007e-01,9.729800802051146238e-03,2.885557515187144872e-01,5.020859407592825202e-02
1.000000000000000000e+00,1.088026536362663582e-01,1.721334912789510008e-01,3.075870097114586921e-01,1.387154033265399974e-02,2.947040956300215342e-01,2.098456403838130924e-02
1.000000000000000000e+00,1.503370546064129558e-02,9.407295453617089964e-02,2.836155512680944568e-01,2.351916376306620315e-02,3.788457769939251318e-01,7.092198581560284166e-04
-1.000000000000000000e+00,8.721510860648429286e-02,1.184592132674318864e-02,2.589003740151115188e-02,7.267766747748340139e-02,4.409171075837742260e-03,6.132665832290363182e-03
-1.000000000000000000e+00,5.587259692549131213e-02,1.416064158599185732e-02,2.130916067559848054e-02,6.303004404707120145e-02,1.484420928865373343e-02,4.503546099290780397e-02
1.000000000000000000e+00,8.198987052823054900e-02,3.733099138107103254e-01,3.452472056651972321e-01,5.270856616921964360e-02,4.630364491475602584e-01,1.069461827284105271e-01
-1.000000000000000000e+00,1.221600028533723330e-03,1.197118854077311584e-01,4.117399786585037441e-02,1.922950496351324718e-03,2.594062316284538247e-02,0.000000000000000000e+00
-1.000000000000000000e+00,2.106947961622142040e-01,9.088681017932273565e-02,4.137879000183235234e-02,1.412629018473472997e-01,9.357240838722320070e-03,1.702127659574468113e-02
-1.000000000000000000e+00,5.314405963548168160e-02,4.892229347929687167e-02,6.670834366276125194e-02,6.574189731115640499e-03,4.196061140505585180e-02,1.558197747183980020e-02
-1.000000000000000000e+00,3.071922816278488955e-01,1.004860912544422169e-01,9.125106438018043553e-02,4.133521793438958702e-02,4.183813443072702254e-02,6.028368794326241509e-02
-1.000000000000000000e+00,6.371937083140136182e-02,3.231077161880642479e-02,7.501859297024047329e-03,1.033955689961212343e-01,9.602194787379973381e-03,1.894034209428452353e-02
1.000000000000000000e+00,7.634554338909298188e-02,6.705880751058644618e-02,7.253414100477489912e-01,1.742160278745644598e-03,9.332500489907896712e-01,2.528160200250312989e-02
-1.000000000000000000e+00,8.160644862146448908e-02,2.508067480903557536e-02,5.566034685320715714e-02,4.419499046742488696e-02,5.511463844797177825e-03,2.315394242803504518e-02
-1.000000000000000000e+00,1.517637407711238673e-01,6.922375175306019757e-02,5.633939446198950318e-02,1.292321346394056936e-01,8.009994121105232928e-03,3.654568210262829075e-02
-1.000000000000000000e+00,9.523130149445376003e-02,2.968696812494042714e-01,1.659570798797115887e-01,5.933206232331864755e-02,6.834215167548500502e-03,1.067375886524822848e-01
-1.000000000000000000e+00,7.898491279380817631e-02,5.076045368517081297e-02,2.392834430947325675e-02,9.992768391295772656e-03,3.862923770331178064e-02,3.166458072590738748e-02
1.000000000000000000e+00,4.929200699076220771e-02,2.133763598981522902e-01,2.895868588119900333e-01,3.849188087568206768e-02,3.361503037428963392e-01,9.240717563621193842e-03
-1.000000000000000000e+00,1.509612298034739841e-01,2.932886728483313429e-02,3.649611433868307775e-02,1.285911511406219176e-01,5.070546737213403599e-03,3.193575302461410664e-02
-1.000000000000000000e+00,4.556478938545493323e-02,1.948449818226379374e-02,4.936568330512950548e-02,8.385379002038000074e-02,1.197824808935920096e-02,1.535252398831873227e-02
-1.000000000000000000e+00,2.650604558262296129e-01,6.441730321473795873e-02,7.893120062084353628e-02,1.003385707711524633e-01,8.769351361943955592e-03,2.252816020025031479e-02
1.000000000000000000e+00,2.255055819096194250e-02,2.252631292294704490e-01,3.932332366858165562e-01,2.531063046479521250e-03,3.259112286890064603e-01,1.399666249478514861e-02
-1.000000000000000000e+00,4.909583764311445386e-02,1.914409814413899069e-02,2.423014324670985653e-02,8.579317599105910214e-03,4.507152655300803584e-03,8.468919482686691064e-03
-1.000000000000000000e+00,1.336626600563541045e-02,2.619718693408493518e-02,2.434870711490994682e-02,6.574189731115640499e-03,1.175778953556731385e-02,8.176887776387151488e-03
-1.000000000000000000e+00,1.315404643863466172e-01,1.149190528709339264e-02,1.486359765890253072e-02,2.859772533035303405e-02,1.298255927885557564e-03,1.556111806424697631e-02
1.000000000000000000e+00,9.236901237650248231e-02,1.249540459948531440e-01,1.186285394009291144e-01,1.170205772138583830e-02,8.656672545561434895e-02,4.879015435961619324e-02
1.000000000000000000e+00,1.658344330705852909e-01,8.539956156475089766e-02,1.088200739407396284e-01,3.582933403458023885e-02,6.770527140897511509e-02,6.629119732999583237e-02
-1.000000000000000000e+00,9.887826800299603924e-02,6.744005555328622115e-02,5.654418659797148111e-02,7.034383012293735429e-03,9.528708602782678255e-03,7.717980809345014771e-03
1.000000000000000000e+00,4.617113100545707643e-02,2.994022575330528291e-01,2.320402686010541449e-01,2.818683847215830776e-02,1.800411522633744987e-01,1.039215686274509859e-01
-1.000000000000000000e+00,1.287138424225131028e-01,3.049984341598245899e-02,1.864686290783276398e-02,5.251134047728617249e-02,1.425631981187536895e-02,3.249895702962036365e-02
-1.000000000000000000e+00,1.356689374754788402e-01,2.764048309573410162e-03,1.223363549155501856e-02,4.094076655052264480e-02,8.083480305702528054e-03,4.192740926157696897e-03
1.000000000000000000e+00,3.537825016941897882e-01,5.295262993069455026e-02,5.337529775698718337e-02,2.200710012490960515e-02,1.273760533019792363e-02,4.655819774718398391e-02
1.000000000000000000e+00,8.158861504440560394e-03,2.804896314148386804e-01,1.462000280241870231e-01,2.366708303201630476e-02,1.676219870664315270e-01,1.675010429703796544e-02
-1.000000000000000000e+00,1.489282020187609190e-01,2.698691502253447796e-02,3.448052857928150111e-02,1.745118664124646612e-01,2.767979619831472012e-03,2.841051314142678530e-02
-1.000000000000000000e+00,1.818579020579947914e-01,1.473251365004152845e-02,0.000000000000000000e+00,7.202024850437184489e-02,0.000000000000000000e+00,2.027534418022528331e-02
1.000000000000000000e+00,1.251025430680885973e-02,2.270332094277194290e-01,3.123942356402987786e-01,1.065018736440733610e-02,2.040466392318244018e-02,0.000000000000000000e+00
-1.000000000000000000e+00,1.760441559367977860e-01,3.835627629590294269e-02,2.158940254588960841e-02,4.233778186838472318e-02,1.139035861258083475e-02,1.042970379641218297e-02
1.000000000000000000e+00,2.140029247066376362e-03,1.754285636479991084e-01,9.537924270023820372e-02,1.272105712970876372e-02,9.567901234567902091e-02,4.338756779307467552e-03
-1.000000000000000000e+00,9.139708242679316086e-02,1.441934561496670784e-02,4.115244079890489903e-02,6.113996449937545569e-03,2.354007446600039216e-02,8.531497705465164449e-03
1.000000000000000000e+00,2.066019902271997583e-02,7.772013670465531543e-02,1.210968235661855907e-01,1.219512195121951262e-02,1.263717421124828655e-01,4.495202336253650843e-02
-1.000000000000000000e+00,5.679994293255340859e-02,9.871601105619322997e-03,1.020727119868070770e-02,1.401945960160410135e-02,6.981187536743091622e-03,5.882352941176470507e-03
-1.000000000000000000e+00,1.397082426793166132e-01,7.112999196655910017e-02,2.590081593498388957e-02,8.776543291039379593e-03,1.369292572996276720e-02,1.186900292031706390e-02
1.000000000000000000e+00,3.138709562364018577e-03,1.041487956646651170e-01,1.582180928462873504e-01,6.130431924265334828e-03,1.977758181461885256e-01,6.257822277847309086e-03
-1.000000000000000000e+00,2.818686022042301009e-01,5.909344661846602231e-03,1.608157194132166581e-02,5.287292091249753273e-02,2.645502645502645789e-03,1.276595744680851172e-02
-1.000000000000000000e+00,8.619859471412776031e-02,3.029560339310757855e-02,2.273192709399959183e-02,8.135559792255603676e-03,9.773662551440329832e-03,7.175636211931580785e-03
-1.000000000000000000e+00,1.893034204800798925e-02,4.403414893182468204e-02,3.533203272362762243e-02,2.481756623496154252e-02,5.682931608857534275e-03,9.098873591989987963e-02
1.000000000000000000e+00,2.827602810571744341e-01,1.669866427025039624e-01,1.266908824385354071e-01,4.306094273880744366e-03,9.499314128943758817e-02,6.107634543178974001e-02
1.000000000000000000e+00,2.414577165887933641e-01,9.207140231199704983e-02,1.162680405703999942e-01,2.202353559923739615e-02,1.006270821085635953e-01,4.455569461827284944e-02
-1.000000000000000000e+00,7.166422941113528844e-02,5.092384570347072148e-02,2.227922868814469215e-02,1.037900203799881765e-01,2.241328630217518866e-02,6.007509386733416411e-03
1.000000000000000000e+00,2.019117594607126309e-01,1.323611508244488810e-01,1.486251980555525765e-01,4.749852080731049864e-02,1.097148736037624889e-01,1.204630788485607090e-01
-1.000000000000000000e+00,2.316046652637586134e-01,4.809171738627234655e-02,2.652597087640256104e-02,3.852475182433764966e-02,3.355869096609837357e-03,2.271589486858573148e-02
-1.000000000000000000e+00,3.938545493455077040e-02,6.922375175306019757e-02,2.864934197053149376e-02,1.454046413779501723e-01,3.228493043307858329e-02,3.712974551522737164e-03
1.000000000000000000e+00,3.995612940043513639e-02,1.953079258744876701e-01,2.662836694439355001e-01,5.791861153112878857e-02,3.486184597295708398e-01,3.500208594075928520e-02
1.000000000000000000e+00,2.441149195705674679e-01,9.706847487166918309e-02,1.326621899824309836e-01,4.575636052856485447e-02,1.131197334901038604e-01,2.125573633708802840e-02
-1.000000000000000000e+00,7.715697114527231282e-02,3.664066010375393451e-02,2.692477661489377921e-02,1.120899349155216745e-01,1.692631785224377877e-02,2.037964121818940447e-02
-1.000000000000000000e+00,2.670756500338837824e-01,5.864411856814127910e-02,5.847354408959117011e-02,2.800604825455262764e-02,2.104154418969233706e-02,9.643304130162703991e-02
1.000000000000000000e+00,3.651424902807005185e-02,4.062606375011913462e-01,2.895437446780991242e-01,4.258431398330155687e-02,4.344748187340780055e-01,2.788902795160617606e-02
-1.000000000000000000e+00,8.722402539501372676e-02,1.079748920931879186e-02,1.260010562962803234e-02,2.715140358950759655e-02,4.825592788555751154e-03,8.406341259908219413e-03
-1.000000000000000000e+00,6.741092128259086255e-03,2.533801723785792936e-01,1.786002996432305492e-02,1.000756031819078351e-01,1.305604546345287206e-02,8.546099290780143076e-02
1.000000000000000000e+00,3.560473659806683705e-02,1.504295848481134734e-01,1.343651982711232262e-01,1.441391098547104010e-02,1.457231040564374025e-01,1.539424280350438178e-02
-1.000000000000000000e+00,1.146699004886400121e-02,4.456517299129937604e-02,2.176185908145338022e-02,8.316350009861283796e-03,6.172839506172839164e-03,3.694201084689195669e-02
-1.000000000000000000e+00,1.624906373720440833e-01,8.224064921095270916e-03,3.137631093913362257e-02,6.125501281966997530e-02,1.428081520674113342e-02,1.199415936587400894e-02
-1.000000000000000000e+00,1.667439455005885127e-03,9.149953024794738043e-03,2.165407374672602414e-02,3.615804352113601971e-03,4.433666470703507591e-03,2.586566541510221424e-03
-1.000000000000000000e+00,2.411991297214395244e-02,2.866168321010851769e-02,2.844454983454951236e-02,7.839721254355400473e-03,2.356456986086615663e-02,3.168544013350021310e-02
1.000000000000000000e+00,2.611727360273923687e-02,8.719687376604985662e-02,8.271446586977376780e-02,4.168036289527315280e-02,1.119439545365471383e-01,2.884856070087609553e-02
-1.000000000000000000e+00,5.367015015871883649e-02,4.491918903094917204e-02,3.511646205417291028e-02,4.079284728157254319e-02,5.119537526944934261e-03,1.424697538589904042e-02
-1.000000000000000000e+00,8.609159325177444255e-02,2.896123524365834534e-02,2.054388479903424686e-02,9.226875287620801835e-02,5.193023711542229387e-03,6.675010429703796301e-03
-1.000000000000000000e+00,1.544744444840746023e-01,3.157550753645684688e-02,3.060025652909665467e-02,1.847347314443495078e-02,8.524397413286302280e-03,1.923237380058406484e-02
-1.000000000000000000e+00,9.993044904947033513e-02,4.794194136949743446e-02,5.514297724651583826e-02,8.809414239694958113e-03,4.112776797961983227e-02,4.995828118481435848e-02
-1.000000000000000000e+00,2.297321396725755249e-01,4.844573342592214255e-02,2.166485228019875836e-02,1.689238051410163755e-01,7.618067803252988497e-03,2.880684188569044776e-02
1.000000000000000000e+00,1.337518279416485226e-04,1.014255953596666787e-01,1.638552658525281036e-01,2.070869765301426926e-02,1.174309229864785448e-01,1.328535669586983770e-01
-1.000000000000000000e+00,3.933195420337411152e-02,2.117288237136282295e-02,1.539174579906657861e-02,5.708040234041154154e-02,9.406231628453850732e-03,1.733416770963704806e-02
-1.000000000000000000e+00,2.220369511716659972e-01,5.148210176599539445e-02,5.741724780926307087e-02,5.617645125238314441e-02,1.104742308446012185e-02,6.622861910721736245e-02
-1.000000000000000000e+00,4.374576452544851057e-01,5.323856596271938496e-02,4.579798872565398610e-02,9.770889487870620949e-02,2.542621987066431485e-02,2.922403003754693585e-02
1.000000000000000000e+00,6.561864678817276586e-02,1.741350435031248645e-01,2.013430052707028683e-01,4.649595687331536248e-02,1.930237115422300531e-01,1.147267417605339970e-02
1.000000000000000000e+00,1.061543674430217160e-01,1.089007801968873840e-01,2.138892182329672209e-01,1.715863519821182043e-02,1.560601606897903115e-01,1.449728827701293396e-02
1.000000000000000000e+00,4.091022577308556230e-02,2.134172079027272517e-01,1.800661801955226182e-01,1.314837946223128295e-04,1.703164805016657013e-01,8.969545264914476415e-03
-1.000000000000000000e+00,8.076827049969682870e-02,1.053878518034393960e-02,7.329402761460276396e-03,2.776609032936690480e-01,1.513815402704291740e-02,2.836879432624113666e-03
1.000000000000000000e+00,2.570710133038484752e-02,7.144316000163392077e-02,1.054356144303006115e-01,5.571625797120505208e-03,1.526797961983147323e-01,1.151439299123904920e-02
1.000000000000000000e+00,1.344027535042978949e-01,8.444644145800143942e-02,7.970725503088049724e-02,2.430806653080008067e-02,4.685969037820889721e-02,6.487275761368377358e-02
1.000000000000000000e+00,4.556478938545494017e-03,1.037811636234903245e-01,2.134365198271123421e-01,1.498915258694365898e-02,2.408632177150695775e-01,1.487275761368377254e-02
1.000000000000000000e+00,2.351357135214181271e-01,4.951867434609152352e-01,2.373001929357491657e-01,8.429754782723029860e-02,1.061630413482265306e-01,3.445974134334584549e-01
1.000000000000000000e+00,7.656846310232906516e-02,4.071184455972658850e-02,8.462226629444798143e-02,1.166918677273026152e-03,1.002351557907113500e-01,4.630788485607008863e-03
-1.000000000000000000e+00,1.103363412633305979e-01,1.102896123524365821e-02,3.450208564622697649e-02,2.256590625205443651e-02,3.576327650401724470e-03,9.365874009178138879e-03
-1.000000000000000000e+00,4.121339658308663390e-02,1.160627969990332548e-01,7.574075471291376316e-02,7.478140819144041274e-02,5.986674505193023688e-02,3.210262828535669771e-02
-1.000000000000000000e+00,1.251560437992652597e-01,9.991421919039254751e-02,2.743136768811235693e-02,1.045460521990664721e-01,3.257887517146776379e-02,4.876929495202336762e-02
1.000000000000000000e+00,2.998715982451760284e-02,7.281837615565812938e-02,1.398083576748547774e-01,7.190520018407732528e-02,1.463354889280815141e-01,3.631622861910722283e-02
1.000000000000000000e+00,1.913721154189107210e-01,9.787181896164372230e-02,1.151362945557627415e-01,1.405233055025967986e-02,5.837252596511856295e-02,5.727993324989570645e-02
-1.000000000000000000e+00,7.071013303848486427e-03,7.928597688002940458e-02,2.269959149358138570e-02,5.177174413253567316e-03,5.609445424260239149e-03,1.612432206925323505e-02
-1.000000000000000000e+00,1.713450083817812108e-01,2.430456272211102206e-02,1.783847289737758648e-02,1.342778252580369425e-01,8.475406623554771618e-03,1.001251564455569489e-02
-1.000000000000000000e+00,1.621072154652780303e-02,1.782334599621475044e-02,3.715360488051995536e-02,6.542962329892841600e-02,9.651185577111504044e-03,7.467667918231122096e-03
-1.000000000000000000e+00,3.136926204658130324e-02,1.421510559209182567e-02,2.149239574463498656e-02,2.910722503451449936e-02,4.164217127180089816e-03,2.069253233208176793e-02
1.000000000000000000e+00,2.548418161714876770e-02,8.870824993532398783e-02,1.036355993403537540e-01,1.487410426664913590e-02,9.800607485792671436e-02,3.502294534835211082e-02
-1.000000000000000000e+00,5.902914006491422061e-02,2.457688275261086727e-02,5.105791306034900695e-02,1.258628624022089249e-01,4.948069762884577810e-03,3.525239883187317874e-02
-1.000000000000000000e+00,9.960052787388093409e-02,3.357705976063069669e-02,3.612964420061006571e-02,2.452172769706133931e-02,7.520086223789927173e-03,4.568210262828535477e-03
1.000000000000000000e+00,7.166422941113528844e-02,1.032637555655406270e-01,1.259363850954439146e-01,4.491815133784760744e-02,1.674505193023711480e-01,8.364622444722569911e-03
-1.000000000000000000e+00,1.491600385205264501e-01,5.265307789714472608e-02,8.613126098063098035e-02,1.089671947932417326e-02,5.800509504213208212e-02,1.741760534000834360e-02
-1.000000000000000000e+00,8.194528658558333789e-02,6.576528736571218836e-02,2.321696110027270110e-02,4.963513246992308676e-03,1.903292181069958858e-02,1.136837713808927855e-02
-1.000000000000000000e+00,1.701679922958947155e-01,1.700638590471521827e-02,3.923386184075794425e-02,4.963513246992307809e-02,1.731824417009602060e-02,1.866916979557780784e-02
-1.000000000000000000e+00,9.275243428326854223e-02,2.098225835001293199e-02,1.178093708570011888e-02,1.380579843534284201e-01,9.700176366843034706e-03,6.570713391739674281e-03
-1.000000000000000000e+00,1.130381281877518990e-01,4.340781286167504083e-02,4.477402804574409645e-02,1.043652619814607746e-02,1.856750930825004642e-02,1.633291614518147736e-02
-1.000000000000000000e+00,2.330848521596461803e-02,1.542692972781612749e-02,5.743880487620854625e-02,1.571066990993360002e-01,1.396237507348618498e-02,4.044639132248644547e-02
-1.000000000000000000e+00,2.842672183186503373e-02,2.638781095543482266e-02,1.935824611703331963e-02,2.802248372888041864e-02,5.658436213991768944e-03,1.474760116812682577e-02
1.000000000000000000e+00,2.161429539537040173e-02,9.588388273899486891e-02,1.119674057147784507e-01,1.811189270922359054e-02,1.055996472663139341e-01,3.055903212348769563e-02
1.000000000000000000e+00,4.708064343546028430e-02,1.805617962229211504e-01,2.198389687099173428e-01,2.932088620077575453e-02,2.143102096805800660e-01,3.525239883187317874e-03
-1.000000000000000000e+00,9.252059778150301117e-02,2.439578993232847104e-01,5.114414132813089459e-02,7.660574584182500146e-02,3.782088967274152558e-02,6.804338756779308717e-02
-1.000000000000000000e+00,1.611263687270392542e-01,6.206173495091431291e-02,3.708893367968354310e-02,7.065610413516534849e-02,2.231530472271213081e-02,1.485189820609094692e-02
-1.000000000000000000e+00,2.917038199522059561e-01,2.277820895115940103e-01,1.468359614990784323e-01,1.000000000000000000e+00,3.108465608465608293e-02,1.169378389653733946e-01
-1.000000000000000000e+00,4.206049149338374205e-02,1.330283348991734976e-02,1.047673453549909962e-02,8.998422194464532342e-02,4.752106603958455161e-03,1.105548602419691205e-03
1.000000000000000000e+00,1.774084245818026151e-01,7.185164004738368859e-02,9.388102654752794596e-02,1.332423903753862382e-01,1.864099549284734328e-02,1.345431789737171549e-02
1.000000000000000000e+00,2.103470414095659144e-02,8.844954590634913905e-02,1.224549187837502828e-01,1.459470120307672023e-02,1.458455810307662248e-01,1.643721318314559851e-02
-1.000000000000000000e+00,4.592146092663266892e-03,5.616600629059270711e-02,3.877038490143031035e-02,1.042009072381828994e-02,2.914951989026063131e-03,1.357947434292866053e-02
1.000000000000000000e+00,1.547686985055462261e-01,8.367032937107689305e-02,1.044547678842816657e-01,2.084018144763657987e-02,8.859984322947286883e-02,3.583646224447226136e-02
1.000000000000000000e+00,1.129400435139280151e-01,1.307272306414498098e-01,8.146415598693641791e-02,3.106304647952139696e-03,6.542719968645895057e-02,2.784730913642052830e-02
-1.000000000000000000e+00,1.608677818596854214e-01,1.395640156311697515e-02,2.152473134505319616e-02,4.158175004930642071e-02,2.816970409563002240e-03,2.634543178973717398e-02
1.000000000000000000e+00,3.630737953418696207e-01,5.257138188799476836e-02,6.330232708537676667e-02,8.332785484189073055e-03,6.329610033313737283e-02,2.659574468085106405e-02
1.000000000000000000e+00,3.204604629596604082e-01,5.216834824285500050e-01,6.423467023076840920e-01,5.307014660443100385e-02,6.539780521262001933e-01,4.201084689194827665e-02
-1.000000000000000000e+00,6.161500873845275963e-03,1.154364609288836135e-01,1.133362794658158840e-01,6.870028269015844569e-03,1.691162061532431871e-01,3.191489361702127929e-03
-1.000000000000000000e+00,1.446481435246281533e-01,2.410032269923613815e-02,1.899177597896030412e-02,1.360857274340937506e-02,4.090730942582793822e-03,2.219440967876512225e-02
-1.000000000000000000e+00,2.708563683703676950e-01,1.796903721253216568e-01,5.589747458960733772e-02,4.864900401025573987e-03,1.175778953556731342e-03,3.018356278681685531e-02
-1.000000000000000000e+00,2.648286193244640541e-01,1.633375542938060587e-01,1.727152203671168673e-01,2.154690684373150866e-01,4.384675680971976929e-03,4.591155611180643137e-02
-1.000000000000000000e+00,1.256999678995612824e-01,2.828043516740873578e-02,3.709971221315627732e-02,2.154690684373151283e-02,3.644914756025867397e-02,1.136837713808927855e-02
-1.000000000000000000e+00,1.391019010593144700e-01,3.605517203817926869e-02,4.128178320057773049e-02,6.960423377818684976e-02,7.887517146776407140e-03,5.340008343763037735e-02
-1.000000000000000000e+00,6.147947355280521942e-01,5.931130264286589571e-02,1.358741929573062390e-01,1.424462559989481125e-01,1.832255535959239484e-02,5.012515644555694955e-02
-1.000000000000000000e+00,2.519349431108891535e-01,1.210462535571803916e-02,2.309839723207260734e-02,6.337518900795477417e-02,1.462375073486184632e-02,5.569461827284105312e-03
1.000000000000000000e+00,6.989870528230551772e-02,8.157346513622809603e-02,9.214568265841749373e-02,2.738150023009664272e-02,8.664021164021164234e-02,3.902795160617438669e-02
-1.000000000000000000e+00,3.054000071334308022e-02,3.165720354560679767e-02,2.182653028228979247e-02,2.162908421537045739e-02,2.892906133646874420e-02,1.380892782644972845e-02
-1.000000000000000000e+00,6.483396939758176436e-02,8.224064921095270916e-03,1.612468607521260963e-02,1.247452501479192656e-02,1.641191456006270682e-03,1.368377138089278341e-02
-1.000000000000000000e+00,1.367835360416592289e-02,5.028389363179608385e-02,6.289274281341281081e-02,3.014265991716521056e-02,8.274544385655496770e-02,1.675010429703796544e-02
1.000000000000000000e+00,7.311766594143453328e-04,2.846288958784363166e-01,4.939262963881134727e-01,1.807902176056800660e-04,5.934744268077600804e-01,2.962035878181059831e-02
-1.000000000000000000e+00,9.464279345151049849e-02,2.369184265348637380e-02,8.239110986559168570e-02,2.396292156991650796e-02,2.091906721536351127e-02,2.565707133917396673e-02
1.000000000000000000e+00,1.535470984770125231e-02,4.896314148387184706e-02,1.381700205869989262e-01,1.313194398790349000e-02,1.082941407015481083e-01,4.493116395494368281e-02
-1.000000000000000000e+00,6.924777971965616341e-02,2.561169886851026936e-02,2.343253176972741325e-02,1.480836236933797886e-02,1.714677640603566458e-03,1.078431372549019593e-02
-1.000000000000000000e+00,8.522666476441843886e-02,2.943779529703307099e-02,1.790314409821399874e-02,1.886792452830188954e-02,5.364491475602586705e-03,9.261576971214017726e-03
-1.000000000000000000e+00,4.440560687662731265e-02,6.541127132606239236e-02,7.146167692423768814e-02,2.932252974820853120e-01,2.226631393298059841e-02,5.073007926574885779e-02
-1.000000000000000000e+00,7.554303242144308483e-02,2.554361886088530806e-02,2.026364292874311898e-02,8.183222667806193396e-02,8.793846756809720056e-02,2.052565707133917339e-02
-1.000000000000000000e+00,1.368816207154830988e-01,2.787195512165897143e-02,3.044935706047835478e-02,1.370882913680888660e-01,9.381736233588086268e-03,2.136003337505214955e-02
-1.000000000000000000e+00,6.562756357670221363e-02,5.718720640496711277e-03,6.273106481132178017e-03,1.786536059430675338e-02,1.690182245737801127e-03,4.443053817271589573e-03
-1.000000000000000000e+00,4.691122445340085989e-02,4.939885353267159385e-02,5.391422443062397069e-02,1.696140950627835278e-02,4.950519302371154257e-02,2.350855235711305988e-02
-1.000000000000000000e+00,1.008577950565324316e-01,4.132456462835124023e-02,2.219300042036280798e-02,5.749786338833738908e-01,1.665686850872036013e-03,5.621610346266166930e-02
-1.000000000000000000e+00,6.243535328316153488e-02,1.053878518034393960e-02,3.240027161904351222e-02,6.656367102754585929e-03,1.486870468351949963e-02,1.097204839382561609e-02
-1.000000000000000000e+00,5.519492099725363358e-03,0.000000000000000000e+00,1.444323485346583631e-03,8.217737163894549540e-04,9.798157946306095868e-05,1.042970379641218308e-04
-1.000000000000000000e+00,5.000535007311767144e-01,6.138093487466470682e-02,2.286126949567241981e-02,1.051377292748668785e-01,1.780815206741132722e-02,6.921151439299125241e-02
-1.000000000000000000e+00,4.961301137782216097e-02,1.111065724439361073e-02,2.163251667978055223e-02,5.519032279271579577e-02,9.112286890064668493e-03,1.180642469753859052e-02
-1.000000000000000000e+00,6.269394015051539537e-02,1.956619419141374799e-02,2.589003740151115188e-02,2.061665899677864733e-01,7.250636880266509397e-03,2.323738005840634072e-02
-1.000000000000000000e+00,5.648785533402289616e-02,2.996881935650776499e-02,1.794625823210494256e-02,2.411084083886661303e-02,7.544581618655692504e-03,1.424697538589904042e-02
-1.000000000000000000e+00,3.214234761208402680e-01,2.160859442016257320e-02,3.188290201235220028e-02,7.826572874893170106e-02,1.217421124828532361e-02,3.375052148518982442e-02
-1.000000000000000000e+00,7.282341191996290208e-02,8.704709774927495147e-02,1.224441402502775451e-02,3.543488265071329663e-02,1.347246717617088009e-03,5.089695452649144712e-03
-1.000000000000000000e+00,7.762064414880336105e-02,4.873166945794697724e-02,6.571671858326956495e-02,3.819604233778186447e-02,5.193023711542230081e-02,1.070921985815602856e-01
1.000000000000000000e+00,1.263508934622106436e-02,1.464400964012907702e-01,1.753020684005734409e-01,2.577082374597330916e-02,1.656623554771702866e-01,3.827701293283271300e-02
-1.000000000000000000e+00,5.527517209401861670e-02,1.051155317729395577e-01,1.165590609741638667e-01,1.903227927157977867e-02,7.691553987850284491e-02,4.103045473508552810e-02
1.000000000000000000e+00,2.291614652066911294e-03,1.173699331454325090e-01,1.447233689384222477e-01,1.793110249161791042e-02,1.717617087987458324e-01,6.675010429703796301e-03
-1.000000000000000000e+00,3.601490887042122641e-02,2.926078727720817299e-02,1.681451221746769337e-02,3.716060745513115326e-02,6.368802665098960945e-03,1.430955360867751380e-02
1.000000000000000000e+00,6.108000142668616218e-03,7.401658428985743998e-02,1.195123791456934453e-01,1.327986325685359334e-02,1.037624926513815438e-01,9.032123487692949801e-03
-1.000000000000000000e+00,4.123123016014552250e-02,1.282627343654262411e-02,4.780279595158282852e-02,2.728288738412990629e-03,3.262786596119929966e-02,6.487275761368377011e-03
1.000000000000000000e+00,9.869993223240718094e-02,8.079735304930353579e-02,6.048912984899274675e-02,1.363486950233383788e-01,2.331961591220850505e-02,4.451397580308719820e-02
1.000000000000000000e+00,1.076256375503798629e-02,1.360102392331467847e-01,2.402642896407514994e-01,2.820327394648609876e-02,3.094993141289437699e-01,6.537338339591156067e-02
1.000000000000000000e+00,1.926026322359738899e-03,1.291477744645507242e-01,1.552108820073940798e-01,4.240352376569588196e-03,1.914315108759553352e-01,3.191489361702127929e-03
1.000000000000000000e+00,1.392089025216677878e-01,1.715343872118513524e-01,2.140077821011673320e-01,7.231608704227204809e-02,1.740397805212620108e-01,4.956195244055069254e-02
-1.000000000000000000e+00,3.857581053607732069e-01,6.767152757921109096e-02,8.745702059777746284e-02,1.033298270988100842e-01,3.860474230844601617e-02,2.992907801418439595e-01
-1.000000000000000000e+00,1.028284053215393901e-01,2.193537845676238329e-02,1.535941019864837248e-02,1.119748865952271411e-01,1.494219086811679345e-03,1.543596161869002954e-02
-1.000000000000000000e+00,7.360808931055390358e-02,3.116702749070707559e-02,2.310917576554534156e-02,6.362172112287160786e-02,6.442288849696256939e-03,1.318314559866499806e-02
1.000000000000000000e+00,2.197988372507757582e-01,1.281265743501762977e-01,1.302909126184291499e-01,4.421142594175268316e-03,1.238242210464432780e-01,4.516061743846475074e-02
-1.000000000000000000e+00,1.000000000000000000e+00,4.026523970970684596e-01,1.955764898627892767e-01,2.748011307606337272e-01,1.211297276112090898e-01,1.782853566958698399e-01
-1.000000000000000000e+00,2.606377287156257799e-02,4.275424478847541371e-02,3.519191178848205676e-02,6.245480244559858778e-03,4.107877718988830335e-02,1.439299123904881107e-02
1.000000000000000000e+00,3.412454970217926320e-02,7.129338398485900175e-02,1.600827791370706132e-01,4.799158503714417816e-03,1.638986870468351897e-01,6.631205673758866492e-02
-1.000000000000000000e+00,1.862717123800691765e-01,1.588987377966586192e-02,2.773316662534895671e-02,6.492012359476695416e-02,1.797961983147168194e-02,7.561535252398832174e-02
-1.000000000000000000e+00,1.228376787816100185e-01,2.607464292036000553e-02,1.773068756265022694e-02,9.384655841167575258e-03,5.486968449931412493e-03,9.032123487692949801e-03
-1.000000000000000000e+00,8.726860933766095174e-02,2.356929863976144415e-02,5.503519191178848219e-02,5.826375649201236129e-02,4.384675680971976929e-03,2.169378389653733863e-02
-1.000000000000000000e+00,2.282965367193351691e-01,1.491088327001892366e-01,4.959203250805695184e-02,1.676418381434487993e-03,1.540760337056633344e-02,5.944931163954943892e-03
1.000000000000000000e+00,1.016513892356528869e-03,8.454175346867638663e-02,2.285049096219968490e-01,3.336401288541187161e-03,2.125955320399764981e-01,2.311222361284939741e-02
-1.000000000000000000e+00,1.191015443877733032e-01,1.210462535571803916e-02,1.249232029490067591e-01,1.462757215173229874e-02,4.105428179502253888e-02,1.188986232790988778e-02
1.000000000000000000e+00,1.565966401540820896e-01,4.943970153724656924e-02,5.016329478211194876e-02,1.699428045493393130e-02,4.409171075837742954e-02,1.387150604922820184e-02
-1.000000000000000000e+00,1.042372579091914303e-01,3.079939544953229011e-02,2.737747502074867889e-02,9.565446058773256766e-02,6.638252008622378721e-03,2.932832707551105700e-02
1.000000000000000000e+00,4.655455291222313635e-02,1.027735795106409084e-01,9.249059572954504427e-02,4.133521793438958702e-02,8.992259455222419151e-02,4.901960784313725422e-03
-1.000000000000000000e+00,2.366159004173057079e-01,6.396797516441321552e-02,5.484117830927923848e-02,3.204917493918874385e-03,1.714677640603566133e-04,7.029620358781810997e-03
-1.000000000000000000e+00,2.632503477547525894e-01,1.076481080565881016e-01,1.828362632980156943e-01,6.689238051410164448e-03,8.818342151675486254e-03,2.895285773884021668e-02
-1.000000000000000000e+00,1.655312622605842332e-01,2.505344280598559292e-02,1.498216152710262275e-02,2.918940240615344392e-02,5.903390162649421388e-03,4.374217772215269889e-02
-1.000000000000000000e+00,3.302154296108713027e-01,9.663276282286943630e-02,8.892290115006952489e-02,4.881335875353362552e-02,4.164217127180089490e-04,0.000000000000000000e+00
-1.000000000000000000e+00,7.672004850732959402e-02,2.307912258486172555e-02,3.855481423197559820e-02,3.615804352113601862e-04,1.984126984126984451e-03,5.210680016687526533e-02
1.000000000000000000e+00,1.513803188643578213e-01,3.851966831420285120e-02,1.318106858380848900e-01,1.395371770429294604e-02,7.863021751910641288e-02,5.131414267834793347e-03
1.000000000000000000e+00,5.764703784285051674e-02,1.744482115381996712e-01,2.324606314064908419e-01,2.983038590493721984e-02,1.850627082108563526e-01,3.212348769294952333e-02
-1.000000000000000000e+00,1.053518564753718328e-01,2.169029042931252399e-02,1.822650010239607044e-02,3.699625271185326414e-02,4.066235547717029358e-03,3.429286608260325581e-02
-1.000000000000000000e+00,1.041748403894853237e-01,2.857998720095856343e-02,7.352037681753020859e-02,5.755703109591742833e-02,1.442778757593572540e-02,1.447642886942010834e-02
-1.000000000000000000e+00,5.266255305489175170e-02,3.195947877946161975e-01,1.476227944425881622e-01,1.664913549405035720e-01,2.025769155398784993e-02,7.578222778473092669e-02
-1.000000000000000000e+00,1.917109533830295767e-02,1.443296161649170080e-02,7.201138213134720967e-02,7.065610413516534849e-02,7.081618655692729913e-02,8.510638297872340566e-03
1.000000000000000000e+00,1.033544958447765449e-01,1.051699957790395296e-01,1.308621748924841399e-01,5.303727565577542186e-02,1.967470115618263904e-01,6.312056737588653266e-02
-1.000000000000000000e+00,2.353764668117130920e-01,1.800035401603964844e-02,4.493570604783513056e-02,1.323055683387022556e-02,2.314814814814814686e-02,2.534418022528160327e-02
-1.000000000000000000e+00,1.864946320933052737e-01,2.533937883801042762e-02,1.692229755219504944e-02,3.180264282427190670e-02,5.584950029394473818e-03,1.998331247392574200e-02
-1.000000000000000000e+00,1.677426258158861427e-01,4.840488542134716715e-02,1.196848356812572067e-01,1.845703767010715979e-02,5.219968645894572379e-02,6.174384647476012511e-02
-1.000000000000000000e+00,2.222598708849020943e-01,2.377353866263632806e-02,2.664453474460265134e-02,3.601012425218591551e-02,1.001861650009798141e-02,2.177722152690863763e-02
1.000000000000000000e+00,3.964671683846345274e-01,7.380417466606756793e-01,5.989415480129774982e-01,1.274899743606600355e-01,5.920047031158142126e-01,1.347934918648310554e-01
-1.000000000000000000e+00,1.608677818596854214e-01,1.933472216548888165e-02,2.202054388479903618e-02,4.120373413976727295e-02,3.110915147952185347e-03,2.409261576971214250e-02
-1.000000000000000000e+00,3.285301565788065203e-01,5.976743869395313435e-01,2.173706845446608527e-01,6.000427322332523294e-01,5.780913188320595600e-03,1.000000000000000000e+00
-1.000000000000000000e+00,2.178371437742982614e-02,9.810329098756859212e-02,4.300634855621544156e-02,9.606534744592729047e-02,1.922888496962570776e-02,6.449728827701294021e-02
-1.000000000000000000e+00,2.314709134358169385e-01,2.348760263061149337e-02,4.133567586794140852e-02,1.007494576293471722e-02,6.883205957280031165e-03,1.733416770963704806e-02
-1.000000000000000000e+00,3.566715411777293936e-03,2.709584303473441813e-03,6.542569817950569938e-03,1.231017027151403570e-02,1.249265138154026901e-03,1.251564455569461861e-03
-1.000000000000000000e+00,5.350073117665940633e-05,2.013806625546341739e-02,7.991204716686248211e-02,2.465321149168365079e-03,8.487654320987654544e-02,5.006257822277848093e-04
-1.000000000000000000e+00,9.807575703534614220e-02,9.558433070544503085e-02,5.326751242225982730e-02,1.852277956741831683e-02,2.865961199294532902e-03,8.176887776387151488e-03
1.000000000000000000e+00,5.858330063844206098e-03,1.149054368694089195e-01,2.006855147288660046e-01,1.775031227401222683e-03,1.650254752106604106e-01,1.612432206925323505e-02
-1.000000000000000000e+00,2.710703712950743652e-02,1.520907370341625410e-02,1.897021891201483221e-02,3.630596279008611871e-02,5.242014501273760049e-03,7.843137254901960675e-03
1.000000000000000000e+00,1.441131362128615645e-01,5.684680636684231320e-02,8.183062612500943689e-02,2.892643481690881490e-03,9.798157946306094990e-02,1.126408010012515523e-03
-1.000000000000000000e+00,2.527909548097157302e-02,4.127010062225126841e-02,4.662793580305463897e-02,6.266846361185984815e-02,2.013521457965902414e-02,2.204839382561535333e-02
-1.000000000000000000e+00,1.459678282269857678e-02,4.362566888607491422e-02,3.936320424243077570e-02,1.385510485832621048e-02,2.936997844405251842e-02,3.441802252816020258e-02
1.000000000000000000e+00,6.289902628669258311e-02,1.328240948762986207e-01,1.030966726667169736e-01,2.854841890736966800e-02,8.058984910836762550e-02,3.698372966207760099e-02
-1.000000000000000000e+00,2.482433926596996909e-02,2.237109050556213355e-02,2.702178341614840107e-02,6.574189731115638764e-04,1.161081716637272186e-02,1.022110972048393719e-03
1.000000000000000000e+00,9.540963726504262526e-03,1.310403986765246442e-01,1.664421138859846772e-01,5.916770758004074888e-04,1.464089751126788075e-01,2.632457238214434836e-02
-1.000000000000000000e+00,4.218532653279594841e-02,7.516032841795678918e-03,9.280317320025436439e-03,1.941029518111892990e-02,3.821281599059376914e-03,8.385481852315393794e-03
1.000000000000000000e+00,3.606840960159788528e-02,6.956415179118499714e-02,1.119674057147784507e-01,1.725724804417855338e-03,1.984126984126984017e-02,3.671255736337088529e-03
1.000000000000000000e+00,3.910903449013802824e-02,1.482101765995397502e-01,1.175399075201828125e-01,1.352639537177042876e-02,1.647315304722712093e-01,2.065081351689612016e-02
1.000000000000000000e+00,7.409851267967329166e-03,1.568835695709597799e-01,1.241579270724425255e-01,4.108868581947275854e-03,9.856946893983931091e-02,3.865248226950355331e-02
1.000000000000000000e+00,6.972928630024610719e-02,8.428304943970153784e-02,7.050238744516421074e-02,6.786207349944120559e-02,9.972075249853028234e-02,2.004589069670421539e-02
-1.000000000000000000e+00,1.415807682704997017e-01,8.959329003444848824e-03,3.569850286170063447e-02,6.044967457760831026e-02,3.593474426807760636e-02,4.714226115978306132e-03
-1.000000000000000000e+00,6.797624567535756057e-01,4.653949321242323994e-02,7.651680912295073800e-02,2.713989875747814251e-01,1.898393102096805618e-02,1.908635794743429245e-02
-1.000000000000000000e+00,3.841798337910617978e-01,2.784472311860898552e-02,2.808885822994923454e-02,1.931168233515219435e-02,2.704291593180481804e-02,1.710471422611598014e-02
1.000000000000000000e+00,1.756607340300317529e-03,3.513881513554729108e-01,2.135550836953124254e-01,1.028860692919597586e-02,2.148246129727611198e-01,1.303087192323738042e-01
1.000000000000000000e+00,5.013910190105931586e-02,1.656386585515297327e-01,1.220129989113681312e-01,2.974820853329826920e-03,1.233343131491279610e-01,5.027117229870671326e-03
-1.000000000000000000e+00,1.679655455291222399e-01,1.791865800688969418e-02,3.375836683660821125e-02,4.891197159950035761e-02,8.548892808152068479e-03,3.775552774301210116e-03
-1.000000000000000000e+00,2.436601633555658675e-01,1.898070612583908218e-02,2.095346907099820272e-02,3.962592860429951791e-02,4.923574368018812479e-03,2.774301209845640367e-02
-1.000000000000000000e+00,5.177087420194742551e-02,9.258881036994676475e-03,8.622826778188558833e-03,2.248372888041549195e-02,1.861650009798157795e-03,8.886107634543179146e-03
-1.000000000000000000e+00,4.806149017369904138e-03,1.149190528709339264e-02,1.790314409821399874e-02,6.393399513509960379e-03,2.082108563590045341e-03,1.082603254067584543e-02
1.000000000000000000e+00,6.755358989906194711e-02,6.673202347398662915e-02,1.015661209135885062e-01,2.701991979488528248e-02,8.127572016460905824e-02,5.346266166040884726e-02
-1.000000000000000000e+00,1.792452830188679125e-01,2.494451479378565276e-02,2.086724080321631508e-02,1.337683255538754667e-01,1.746521653929061085e-02,1.641635377555277636e-02
1.000000000000000000e+00,1.964903520348111332e-01,1.134076767016597848e-01,3.749744009830022762e-01,2.794030635724146475e-04,3.083480305702527846e-01,9.234459741343346850e-02
-1.000000000000000000e+00,3.458822270571030866e-01,4.219598872595073380e-02,2.850922103538592808e-02,1.658339359673920502e-02,2.278071722516167123e-03,2.584480600750938689e-02
1.000000000000000000e+00,1.436851303634482935e-01,6.282695423661887046e-01,1.000000000000000222e+00,1.645190980211689094e-02,9.999999999999998890e-01,6.134751773049645918e-02
1.000000000000000000e+00,1.362485287298926401e-02,1.135846847214846828e-01,7.521260657274971007e-02,3.648675300769180490e-03,6.128747795414462435e-02,2.571964956195244012e-02
-1.000000000000000000e+00,5.000445839426472805e-01,4.696158925969799725e-02,9.596128350776593485e-02,2.958878443231871547e-01,3.617969821673525793e-02,5.204422194409679542e-02
-1.000000000000000000e+00,1.529853407996575876e-01,1.559032174611603601e-02,3.674402060855599950e-02,3.931365459207152718e-02,4.188712522045855147e-03,2.363370880267000665e-02
-1.000000000000000000e+00,2.642222777044619386e-01,3.104448347698214941e-02,8.921392155383338352e-02,4.965156794425087255e-02,9.014305310601607168e-03,2.377972465581977817e-03
-1.000000000000000000e+00,1.088650711559724649e-01,1.987936222648856860e-03,2.608405100402039385e-03,3.231214252843336854e-02,5.388986870468352253e-04,1.787651230705047944e-02
-1.000000000000000000e+00,6.585048328993829692e-02,2.487643478616069492e-02,2.340019616930920712e-02,1.142265465781342436e-02,1.077797374093670234e-03,1.113892365456821062e-02
-1.000000000000000000e+00,3.702250597424831119e-02,4.248192475797557197e-03,1.494982592668441489e-02,3.748931694168693846e-02,2.033117773858514679e-03,2.649144764288694377e-03
-1.000000000000000000e+00,2.836341263330598439e-01,1.876285010143920878e-02,1.776302316306843654e-02,1.273749260403655298e-02,2.694493435234176018e-03,2.997496871088861300e-02
-1.000000000000000000e+00,1.663872739594107752e-02,7.107552796045912835e-03,6.132985545986613211e-03,1.520281375320491762e-02,1.165735841661767608e-01,4.171881518564873013e-03
-1.000000000000000000e+00,1.272693226807433131e-01,1.018476914069414360e-02,3.278829882406199964e-02,7.560318190782985663e-03,2.376053301979228014e-03,1.074259491030454816e-02
-1.000000000000000000e+00,1.101490887042122918e-01,8.143730512097817342e-02,9.575649137178396386e-02,6.196173821576490999e-03,3.377914951989026415e-02,5.821860659157280377e-02
-1.000000000000000000e+00,1.764632449976816231e-02,4.306741282355023431e-02,1.606001487437619391e-02,2.491617908092827807e-02,8.646874387615129803e-03,3.016270337922402969e-02
-1.000000000000000000e+00,6.334486571316474968e-02,1.303051345941750629e-02,3.202302294749776596e-02,1.283610545000328680e-02,8.622378992749363605e-03,2.375886524822694995e-02
-1.000000000000000000e+00,8.488782680029959699e-03,7.385319227155753841e-02,7.041615917738232311e-02,5.062126092959043366e-03,6.949343523417597646e-02,1.468502294534835238e-02
1.000000000000000000e+00,7.211006883760744113e-02,4.280870879457538553e-02,7.526649924011338810e-02,2.350272828873841563e-02,9.085341955712326889e-02,1.101376720901126385e-02
1.000000000000000000e+00,4.181082141455932932e-02,8.268997726127745584e-02,8.646539551828578973e-02,2.619814607849582644e-02,1.105232216343327439e-01,6.470588235294118251e-02
-1.000000000000000000e+00,3.581873952277347950e-02,4.328526884795010771e-02,1.611390754173987194e-02,3.895207415686016694e-02,6.393298059964726276e-03,5.256570713391739251e-03
-1.000000000000000000e+00,2.247030709419695349e-01,1.556581294337104904e-01,1.022559470558435796e-01,8.283479061205707705e-02,6.883205957280031165e-03,1.429078014184397283e-01
-1.000000000000000000e+00,2.680386631950636492e-02,6.345056710646351621e-03,9.172531985298080365e-03,5.662020905923344921e-02,2.317264354301391133e-02,1.510221109720484046e-02
-1.000000000000000000e+00,9.172700360238256190e-02,2.622441893713491762e-02,2.402535111072787860e-02,1.664913549405035859e-02,4.041740152851264027e-03,4.426366291197330466e-02
-1.000000000000000000e+00,2.749937582480293727e-02,1.092684122380621625e-01,8.923547862077886583e-02,1.045296167247386672e-02,1.758769351361944011e-02,6.883604505632040993e-04
-1.000000000000000000e+00,8.559225309412561711e-02,1.716977792301512332e-02,1.358095217564698164e-02,4.759713365327723072e-02,2.052714089751126597e-02,5.986649979140592527e-03
-1.000000000000000000e+00,2.234814709134358146e-01,6.746728755633620012e-02,5.414057363355141705e-02,1.607553744001051776e-01,2.667548500881834067e-02,1.996245306633291638e-02
-1.000000000000000000e+00,4.808824053928736908e-02,1.014119793581416823e-01,1.147159317503260584e-01,1.084741305634080505e-03,1.019988242210464469e-01,4.922820191906550173e-03
-1.000000000000000000e+00,1.170863501801191198e-01,1.265198861702272193e-01,1.542731495952660847e-01,5.121293800539083313e-02,1.243386243386243456e-01,3.944513975803087824e-02
-1.000000000000000000e+00,3.460605628276920004e-02,5.100554171262067227e-02,1.765523782834107699e-02,1.398658865294852456e-02,9.651185577111504044e-03,1.006675010429703837e-01
-1.000000000000000000e+00,4.800798944252238076e-02,6.704519150906144975e-02,3.600030179893723425e-02,1.314837946223127926e-02,1.553008034489516097e-02,1.931581143095536038e-02
-1.000000000000000000e+00,4.234582872632592365e-01,3.420339583078033097e-02,4.069974239304999936e-02,8.576030504240353403e-02,2.020870076425631753e-02,4.693366708385482422e-02
1.000000000000000000e+00,1.316117986945821577e-02,2.032460547635581150e-01,1.284908975284822785e-01,1.046939714680165598e-02,9.523809523809524669e-02,7.311222361284940019e-02
-1.000000000000000000e+00,3.589096550986196621e-01,7.965360892120420394e-03,3.877038490143031035e-02,1.671487739136151562e-02,1.060650597687634762e-02,3.128911138923655194e-04
1.000000000000000000e+00,4.946142597282162517e-02,1.725692033277507476e-01,1.806913351369412724e-01,1.378936296101505518e-02,3.041593180482069503e-01,1.656236962870254528e-02
-1.000000000000000000e+00,2.955023718657488405e-02,8.914396198412373462e-02,7.391918255602142329e-02,2.143185852343698974e-02,9.695277287869880078e-02,2.528160200250312989e-02
1.000000000000000000e+00,1.352230980490066736e-01,1.429816320139427610e-01,1.344514265389051277e-01,3.114522385116034672e-02,1.592935528120713318e-01,1.483103879849812304e-02
1.000000000000000000e+00,1.564272211720226791e-01,6.078183080756505152e-02,4.957047544111148341e-02,1.710932877522845438e-02,5.526161081716637197e-02,4.424280350438047904e-02
-1.000000000000000000e+00,3.961729143631629452e-02,1.158721729776833638e-02,1.331148883882858971e-02,5.836236933797909338e-02,3.674309229864785795e-03,2.108886107634543386e-02
1.000000000000000000e+00,1.466365873666940212e-01,8.425581743665154499e-02,6.851913728618085064e-02,1.313194398790349000e-02,6.513325494806976312e-02,4.176053400083438311e-02
-1.000000000000000000e+00,1.636230695152833883e-02,8.612120964557547220e-02,3.040624292658741096e-02,1.960752087305239755e-02,2.971291397217323133e-02,6.090947017104714548e-03
-1.000000000000000000e+00,6.227485108963155824e-02,1.313944147161744472e-02,3.237871455209804378e-02,6.426270462165538898e-03,6.221830295904369826e-03,1.362119315811431003e-02
1.000000000000000000e+00,1.852819488533009873e-01,7.987146494560407040e-02,9.925951475042306404e-02,2.849911248438630196e-02,6.283068783068783414e-02,3.233208176887776564e-02
-1.000000000000000000e+00,2.329065163890573290e-02,1.113788924744359490e-02,1.639414941203099982e-02,1.771744132535665178e-02,1.251714677640603651e-02,9.699624530663329691e-03
-1.000000000000000000e+00,1.037200841744837093e-01,1.180507332216821151e-02,1.736421742457721490e-02,4.204194333048451304e-02,4.629629629629629373e-03,2.221526908635794786e-02
-1.000000000000000000e+00,1.108445982095088572e-01,6.603760739621203010e-03,3.017989372365996112e-03,1.753665110775097166e-02,0.000000000000000000e+00,4.651647893199833961e-02
-1.000000000000000000e+00,1.882690730106644783e-01,1.507291368816633149e-02,5.120881252896730684e-02,4.010255735980541164e-03,3.245639819713894147e-02,8.176887776387151488e-03
-1.000000000000000000e+00,1.571138138887898106e-01,5.752760644309191929e-02,7.870485141791608297e-02,3.704555913483662671e-02,2.344209288653733084e-02,5.450563204005006573e-02
-1.000000000000000000e+00,4.513678353604165527e-02,7.412551230205736974e-02,1.191243519406749579e-01,5.571625797120505208e-03,8.529296492259455520e-02,2.211097204839382671e-02
-1.000000000000000000e+00,2.730409815600812751e-01,9.740887490979398267e-02,5.275014281556851536e-02,3.071132732890671235e-01,1.861650009798157882e-02,5.992907801418440039e-02
1.000000000000000000e+00,3.031708100010700280e-04,1.661152186049044688e-02,2.400271619043513049e-01,1.840773124712379288e-03,1.651969429747207618e-01,2.231956612432207162e-03
1.000000000000000000e+00,1.293826015622213423e-02,8.553572158000082026e-02,1.153410866917447264e-01,1.775031227401222683e-03,1.672300607485792678e-01,3.813099707968294061e-02
-1.000000000000000000e+00,6.352320148375360798e-02,1.797312201298966253e-02,2.369121657307306922e-02,4.361974886595226808e-02,1.959631589261219119e-03,2.202753441802252771e-02
1.000000000000000000e+00,4.426293826015622462e-02,2.907969445692577537e-01,3.116936309645709779e-01,2.914009598317007441e-02,3.326474622770919098e-01,2.419691280767626365e-02
